<Organization>   <Customer><CustomerNumber>%%CustomerNumber%%</CustomerNumber><ProspectNumber>%%ProspectNumber%%</ProspectNumber>      <Agreement>         <Plan><PlanName>%%PlanName%%</PlanName><ProductCode>%%ProductCode%%</ProductCode><PlanTypeCode>%%PlanTypeCode%%</PlanTypeCode>            <PlanCoverage><CoverageID>%%CoverageID%%</CoverageID>               <DetailPlanCoverage><ProductSpecificCoverageCode>%%ProductSpecificCoverageCode%%</ProductSpecificCoverageCode>               </DetailPlanCoverage>            </PlanCoverage><CoverageID>%%CoverageID1%%</CoverageID><PortableIndicator>%%PortableIndicator%%</PortableIndicator>            <StatusDate><EffectiveDate>%%EffectiveDate%%</EffectiveDate><OriginalEffectiveDate>%%OriginalEffectiveDate%%</OriginalEffectiveDate>            </StatusDate><PremiumWaiverIndicator>%%PremiumWaiverIndicator%%</PremiumWaiverIndicator>            <PlanBenefit><SalaryModeText>%%SalaryModeText%%</SalaryModeText>               <BenefitProvision><WeeklyBenefitPaymentDayCode>%%WeeklyBenefitPaymentDayCode%%</WeeklyBenefitPaymentDayCode><BenefitPaymentDepositDateCode>%%BenefitPaymentDepositDateCode%%</BenefitPaymentDepositDateCode><BenefitPaymentDepositBusinessDayCount>%%BenefitPaymentDepositBusinessDayCount%%</BenefitPaymentDepositBusinessDayCount>                  <AgeProvision>                     <StopPaymentMemberAgeTimePeriod><TimePeriodCount>%%TimePeriodCount%%</TimePeriodCount><TimePeriodCode>%%TimePeriodCode%%</TimePeriodCode>                     </StopPaymentMemberAgeTimePeriod>                     <StopPaymentMemberAgeTimePeriod><TimePeriodCount>%%TimePeriodCount1%%</TimePeriodCount><TimePeriodCode>%%TimePeriodCode1%%</TimePeriodCode>                     </StopPaymentMemberAgeTimePeriod>                  </AgeProvision><DeterminingDateCode>%%DeterminingDateCode%%</DeterminingDateCode><WorkersCompensationCoordinationCode>%%WorkersCompensationCoordinationCode%%</WorkersCompensationCoordinationCode><BenefitEndCode>%%BenefitEndCode%%</BenefitEndCode><ForeignResidenceBenefitPayableDurationCount>%%ForeignResidenceBenefitPayableDurationCount%%</ForeignResidenceBenefitPayableDurationCount><ForeignResidenceBenefitPayableDurationCode>%%ForeignResidenceBenefitPayableDurationCode%%</ForeignResidenceBenefitPayableDurationCode><MonthlyBenefitPaymentDayNumber>%%MonthlyBenefitPaymentDayNumber%%</MonthlyBenefitPaymentDayNumber><NetBenefitRecoveryPercentage>%%NetBenefitRecoveryPercentage%%</NetBenefitRecoveryPercentage><SocialSecurityCarveoutPercentage>%%SocialSecurityCarveoutPercentage%%</SocialSecurityCarveoutPercentage><TerminalIllnessBenefitPercentage>%%TerminalIllnessBenefitPercentage%%</TerminalIllnessBenefitPercentage><TerminalIllnessBenefitPeriodCount>%%TerminalIllnessBenefitPeriodCount%%</TerminalIllnessBenefitPeriodCount><TerminalIllnessBenefitPeriodModeCode>%%TerminalIllnessBenefitPeriodModeCode%%</TerminalIllnessBenefitPeriodModeCode><TerminalIllnessOptionLifeExpectancyCount>%%TerminalIllnessOptionLifeExpectancyCount%%</TerminalIllnessOptionLifeExpectancyCount><TerminalIllnessOptionLifeExpectancyUnitofMeasureCode>%%TerminalIllnessOptionLifeExpectancyUnitofMeasureCode%%</TerminalIllnessOptionLifeExpectancyUnitofMeasureCode>                  <MaximumDurationProvision><MaximumDurationTypeCode>%%MaximumDurationTypeCode%%</MaximumDurationTypeCode>                  </MaximumDurationProvision><BenefitCalculationCode>%%BenefitCalculationCode%%</BenefitCalculationCode>                  <BenefitCalculation><FixedBenefitAmount>%%FixedBenefitAmount%%</FixedBenefitAmount>                  </BenefitCalculation>                  <BenefitPeriod><DeterminingDateCode>%%DeterminingDateCode1%%</DeterminingDateCode>                  </BenefitPeriod>                  <SalaryProvision><OwnOccupationEarningsTestPercentage>%%OwnOccupationEarningsTestPercentage%%</OwnOccupationEarningsTestPercentage><AnyOccupationEarningsTestPercentage>%%AnyOccupationEarningsTestPercentage%%</AnyOccupationEarningsTestPercentage>                  </SalaryProvision><BenefitCheckDayControlCode>%%BenefitCheckDayControlCode%%</BenefitCheckDayControlCode><NoSocialSecurityBenefitsMaximumPaymentCount>%%NoSocialSecurityBenefitsMaximumPaymentCount%%</NoSocialSecurityBenefitsMaximumPaymentCount><VoluntaryFederalIncomeTaxMinimumWithheldAmount>%%VoluntaryFederalIncomeTaxMinimumWithheldAmount%%</VoluntaryFederalIncomeTaxMinimumWithheldAmount><VoluntaryStateIncomeTaxMinimumWithheldAmount>%%VoluntaryStateIncomeTaxMinimumWithheldAmount%%</VoluntaryStateIncomeTaxMinimumWithheldAmount><MaximumRecoveryAmount>%%MaximumRecoveryAmount%%</MaximumRecoveryAmount>                  <EmploymentServiceProvision><MinimumServiceinMonths>%%MinimumServiceinMonths%%</MinimumServiceinMonths><MinimumServiceinYears>%%MinimumServiceinYears%%</MinimumServiceinYears><MaximumServiceinMonths>%%MaximumServiceinMonths%%</MaximumServiceinMonths><MaximumServiceinYears>%%MaximumServiceinYears%%</MaximumServiceinYears><MinimumServiceinWeeks>%%MinimumServiceinWeeks%%</MinimumServiceinWeeks><MaximumServiceinWeeks>%%MaximumServiceinWeeks%%</MaximumServiceinWeeks>                     <AgeProvision>                        <MinimumAgeTimePeriod><TimePeriodCount>%%TimePeriodCount2%%</TimePeriodCount><TimePeriodCode>%%TimePeriodCode2%%</TimePeriodCode>                        </MinimumAgeTimePeriod>                        <MinimumAgeTimePeriod><TimePeriodCount>%%TimePeriodCount3%%</TimePeriodCount><TimePeriodCode>%%TimePeriodCode3%%</TimePeriodCode>                        </MinimumAgeTimePeriod>                        <MaximumAgeTimePeriod><TimePeriodCount>%%TimePeriodCount4%%</TimePeriodCount><TimePeriodCode>%%TimePeriodCode4%%</TimePeriodCode>                        </MaximumAgeTimePeriod>                        <MaximumAgeTimePeriod><TimePeriodCount>%%TimePeriodCount5%%</TimePeriodCount><TimePeriodCode>%%TimePeriodCode5%%</TimePeriodCode>                        </MaximumAgeTimePeriod>                        <MaximumDurationProvision><MaximumDurationTypeCode>%%MaximumDurationTypeCode1%%</MaximumDurationTypeCode><MaximumDurationCount>%%MaximumDurationCount%%</MaximumDurationCount><MaximumDurationModeCode>%%MaximumDurationModeCode%%</MaximumDurationModeCode>                        </MaximumDurationProvision>                     </AgeProvision>                  </EmploymentServiceProvision><BenefitIntegrationCode>%%BenefitIntegrationCode%%</BenefitIntegrationCode><CheckGenerationTimeCode>%%CheckGenerationTimeCode%%</CheckGenerationTimeCode><PartialMonthBenefitCalculationBasisCode>%%PartialMonthBenefitCalculationBasisCode%%</PartialMonthBenefitCalculationBasisCode>               </BenefitProvision>               <BenefitProvision><BenefitCalculationCode>%%BenefitCalculationCode1%%</BenefitCalculationCode>                  <BenefitCalculation>                     <BenefitPeriod><BaseBenefitMinimumDurationCount>%%BaseBenefitMinimumDurationCount%%</BaseBenefitMinimumDurationCount><BaseBenefitMaximumDurationCount>%%BaseBenefitMaximumDurationCount%%</BaseBenefitMaximumDurationCount><BaseBenefitModeCode>%%BaseBenefitModeCode%%</BaseBenefitModeCode>                     </BenefitPeriod><FixedBenefitAmount>%%FixedBenefitAmount1%%</FixedBenefitAmount>                  </BenefitCalculation>               </BenefitProvision>               <BenefitProvision><BenefitCalculationCode>%%BenefitCalculationCode2%%</BenefitCalculationCode>                  <BenefitCalculation><BenefitCalculationOptionCode>%%BenefitCalculationOptionCode%%</BenefitCalculationOptionCode>                     <SalaryProvision><MinimumSalaryAmount>%%MinimumSalaryAmount%%</MinimumSalaryAmount><MaximumSalaryAmount>%%MaximumSalaryAmount%%</MaximumSalaryAmount><SalaryModeText>%%SalaryModeText1%%</SalaryModeText>                     </SalaryProvision><FixedBenefitAmount>%%FixedBenefitAmount2%%</FixedBenefitAmount>                  </BenefitCalculation>               </BenefitProvision>               <BenefitProvision><BenefitCalculationCode>%%BenefitCalculationCode3%%</BenefitCalculationCode>                  <BenefitCalculation><PlanMinimumBenefitAmount>%%PlanMinimumBenefitAmount%%</PlanMinimumBenefitAmount><WithoutExamPlanMaximumBenefitAmount>%%WithoutExamPlanMaximumBenefitAmount%%</WithoutExamPlanMaximumBenefitAmount>                  </BenefitCalculation>               </BenefitProvision>               <BenefitProvision><BenefitCalculationCode>%%BenefitCalculationCode4%%</BenefitCalculationCode>                  <BenefitCalculation><BenefitCalculationOptionCode>%%BenefitCalculationOptionCode1%%</BenefitCalculationOptionCode>                     <EmploymentServiceProvision><MinimumServiceinMonths>%%MinimumServiceinMonths1%%</MinimumServiceinMonths><MinimumServiceinYears>%%MinimumServiceinYears1%%</MinimumServiceinYears><MaximumServiceinMonths>%%MaximumServiceinMonths1%%</MaximumServiceinMonths><MaximumServiceinYears>%%MaximumServiceinYears1%%</MaximumServiceinYears><MinimumServiceinWeeks>%%MinimumServiceinWeeks1%%</MinimumServiceinWeeks><MaximumServiceinWeeks>%%MaximumServiceinWeeks1%%</MaximumServiceinWeeks>                     </EmploymentServiceProvision><FixedBenefitAmount>%%FixedBenefitAmount3%%</FixedBenefitAmount>                  </BenefitCalculation>               </BenefitProvision>               <BenefitProvision><BenefitCalculationCode>%%BenefitCalculationCode5%%</BenefitCalculationCode>                  <BenefitCalculation><PlanMinimumBenefitAmount>%%PlanMinimumBenefitAmount1%%</PlanMinimumBenefitAmount><WithoutExamPlanMaximumBenefitAmount>%%WithoutExamPlanMaximumBenefitAmount1%%</WithoutExamPlanMaximumBenefitAmount><BenefitCalculationOptionCode>%%BenefitCalculationOptionCode2%%</BenefitCalculationOptionCode>                     <CoverageMultipleBenefit><CoverageMultipleFactorPercentage>%%CoverageMultipleFactorPercentage%%</CoverageMultipleFactorPercentage>                     </CoverageMultipleBenefit>                  </BenefitCalculation>               </BenefitProvision>               <BenefitProvision><BenefitCalculationCode>%%BenefitCalculationCode6%%</BenefitCalculationCode>                  <BenefitCalculation><PlanMinimumBenefitAmount>%%PlanMinimumBenefitAmount2%%</PlanMinimumBenefitAmount><WithoutExamPlanMaximumBenefitAmount>%%WithoutExamPlanMaximumBenefitAmount2%%</WithoutExamPlanMaximumBenefitAmount><BenefitCalculationOptionCode>%%BenefitCalculationOptionCode3%%</BenefitCalculationOptionCode>                     <CoverageMultipleBenefit><CoverageMultipleFactorPercentage>%%CoverageMultipleFactorPercentage1%%</CoverageMultipleFactorPercentage>                     </CoverageMultipleBenefit>                     <SalaryProvision><MinimumSalaryAmount>%%MinimumSalaryAmount1%%</MinimumSalaryAmount><MaximumSalaryAmount>%%MaximumSalaryAmount1%%</MaximumSalaryAmount><SalaryModeText>%%SalaryModeText2%%</SalaryModeText>                     </SalaryProvision>                  </BenefitCalculation>               </BenefitProvision>               <BenefitProvision><BenefitCalculationCode>%%BenefitCalculationCode7%%</BenefitCalculationCode>                  <BenefitCalculation><BenefitCalculationOptionCode>%%BenefitCalculationOptionCode4%%</BenefitCalculationOptionCode>                     <BenefitPeriod><BaseBenefitMinimumDurationCount>%%BaseBenefitMinimumDurationCount1%%</BaseBenefitMinimumDurationCount><BaseBenefitMaximumDurationCount>%%BaseBenefitMaximumDurationCount1%%</BaseBenefitMaximumDurationCount><BaseBenefitModeCode>%%BaseBenefitModeCode1%%</BaseBenefitModeCode>                     </BenefitPeriod>                     <CoverageMultipleBenefit><CoverageMultipleFactorPercentage>%%CoverageMultipleFactorPercentage2%%</CoverageMultipleFactorPercentage>                     </CoverageMultipleBenefit>                  </BenefitCalculation>               </BenefitProvision>               <BenefitProvision><BenefitCalculationCode>%%BenefitCalculationCode8%%</BenefitCalculationCode>                  <BenefitCalculation><BenefitCalculationOptionCode>%%BenefitCalculationOptionCode5%%</BenefitCalculationOptionCode>                     <BenefitPeriod><BaseBenefitMinimumDurationCount>%%BaseBenefitMinimumDurationCount2%%</BaseBenefitMinimumDurationCount><BaseBenefitMaximumDurationCount>%%BaseBenefitMaximumDurationCount2%%</BaseBenefitMaximumDurationCount><BaseBenefitModeCode>%%BaseBenefitModeCode2%%</BaseBenefitModeCode>                     </BenefitPeriod>                     <CoverageMultipleBenefit><CoverageMultipleFactorPercentage>%%CoverageMultipleFactorPercentage3%%</CoverageMultipleFactorPercentage>                     </CoverageMultipleBenefit>                     <SalaryProvision><SalaryModeText>%%SalaryModeText3%%</SalaryModeText>                     </SalaryProvision>                     <EmploymentServiceProvision><MinimumServiceinMonths>%%MinimumServiceinMonths2%%</MinimumServiceinMonths><MinimumServiceinYears>%%MinimumServiceinYears2%%</MinimumServiceinYears><MaximumServiceinMonths>%%MaximumServiceinMonths2%%</MaximumServiceinMonths><MaximumServiceinYears>%%MaximumServiceinYears2%%</MaximumServiceinYears>                     </EmploymentServiceProvision>                  </BenefitCalculation><EmploymentServiceRangeTypeCode>%%EmploymentServiceRangeTypeCode%%</EmploymentServiceRangeTypeCode>               </BenefitProvision>               <BenefitProvision><BenefitCalculationCode>%%BenefitCalculationCode9%%</BenefitCalculationCode>                  <BenefitCalculation><FixedBenefitAmount>%%FixedBenefitAmount4%%</FixedBenefitAmount>                  </BenefitCalculation>               </BenefitProvision>               <BenefitProvision><BenefitCalculationCode>%%BenefitCalculationCode10%%</BenefitCalculationCode>                  <BenefitCalculation>                     <SalaryProvision><MinimumSalaryAmount>%%MinimumSalaryAmount2%%</MinimumSalaryAmount><MaximumSalaryAmount>%%MaximumSalaryAmount2%%</MaximumSalaryAmount><SalaryModeText>%%SalaryModeText4%%</SalaryModeText>                     </SalaryProvision>                     <EmploymentServiceProvision><MinimumServiceinMonths>%%MinimumServiceinMonths3%%</MinimumServiceinMonths><MinimumServiceinYears>%%MinimumServiceinYears3%%</MinimumServiceinYears><MaximumServiceinMonths>%%MaximumServiceinMonths3%%</MaximumServiceinMonths><MaximumServiceinYears>%%MaximumServiceinYears3%%</MaximumServiceinYears>                     </EmploymentServiceProvision><FixedBenefitAmount>%%FixedBenefitAmount5%%</FixedBenefitAmount>                  </BenefitCalculation><EmploymentServiceRangeTypeCode>%%EmploymentServiceRangeTypeCode1%%</EmploymentServiceRangeTypeCode>               </BenefitProvision>               <BenefitRoundingRule><RoundingRuleCode>%%RoundingRuleCode%%</RoundingRuleCode>               </BenefitRoundingRule>               <SurvivorBenefit><SurvivorLumpSumBenefitDurationCode>%%SurvivorLumpSumBenefitDurationCode%%</SurvivorLumpSumBenefitDurationCode><SurvivorLumpSumBenefitDurationCount>%%SurvivorLumpSumBenefitDurationCount%%</SurvivorLumpSumBenefitDurationCount><SurvivorBenefitDurationCode>%%SurvivorBenefitDurationCode%%</SurvivorBenefitDurationCode><SurvivorBenefitDurationCount>%%SurvivorBenefitDurationCount%%</SurvivorBenefitDurationCount><SurvivorPercentage>%%SurvivorPercentage%%</SurvivorPercentage><SurvivorPercentageModeCode>%%SurvivorPercentageModeCode%%</SurvivorPercentageModeCode><SurvivorEligibilityDurationPeriodCount>%%SurvivorEligibilityDurationPeriodCount%%</SurvivorEligibilityDurationPeriodCount><SurvivorEligibilityDurationPeriodModeCode>%%SurvivorEligibilityDurationPeriodModeCode%%</SurvivorEligibilityDurationPeriodModeCode><SurvivorDependentChildMaximumAgeinYears>%%SurvivorDependentChildMaximumAgeinYears%%</SurvivorDependentChildMaximumAgeinYears>               </SurvivorBenefit>               <BenefitAdjustment><BenefitAdjustmentPeriodCode>%%BenefitAdjustmentPeriodCode%%</BenefitAdjustmentPeriodCode><BenefitAdjustmentStartPeriodNumber>%%BenefitAdjustmentStartPeriodNumber%%</BenefitAdjustmentStartPeriodNumber><BenefitAdjustmentEndPeriodNumber>%%BenefitAdjustmentEndPeriodNumber%%</BenefitAdjustmentEndPeriodNumber><BenefitAdjustmentPercentage>%%BenefitAdjustmentPercentage%%</BenefitAdjustmentPercentage><BenefitAdjustmentAmountModeCode>%%BenefitAdjustmentAmountModeCode%%</BenefitAdjustmentAmountModeCode><BenefitAdjustmentAmount>%%BenefitAdjustmentAmount%%</BenefitAdjustmentAmount><BenefitAdjustmentTypeCode>%%BenefitAdjustmentTypeCode%%</BenefitAdjustmentTypeCode><ReimbursementIndicator>%%ReimbursementIndicator%%</ReimbursementIndicator><BenefitProrateCode>%%BenefitProrateCode%%</BenefitProrateCode>               </BenefitAdjustment><BenefitRateModeCode>%%BenefitRateModeCode%%</BenefitRateModeCode><MinimumBenefitCode>%%MinimumBenefitCode%%</MinimumBenefitCode><MinimumRepetitivePaymentAmount>%%MinimumRepetitivePaymentAmount%%</MinimumRepetitivePaymentAmount>               <BaseBenefitRoundingRule><RoundingRuleCode>%%RoundingRuleCode1%%</RoundingRuleCode><RoundingAmount>%%RoundingAmount%%</RoundingAmount>               </BaseBenefitRoundingRule><BenefitSalaryExcess1Percentage>%%BenefitSalaryExcess1Percentage%%</BenefitSalaryExcess1Percentage><BenefitSalaryExcess2Percentage>%%BenefitSalaryExcess2Percentage%%</BenefitSalaryExcess2Percentage><MinimumRepetitivePaymentPercentage>%%MinimumRepetitivePaymentPercentage%%</MinimumRepetitivePaymentPercentage><TaxWithholdingCode>%%TaxWithholdingCode%%</TaxWithholdingCode><BenefitProrateCode>%%BenefitProrateCode1%%</BenefitProrateCode><MinimumProrateCode>%%MinimumProrateCode%%</MinimumProrateCode><BenefitTaxablePercentage>%%BenefitTaxablePercentage%%</BenefitTaxablePercentage><ClaimBenefitTaxableRequireIndicator>%%ClaimBenefitTaxableRequireIndicator%%</ClaimBenefitTaxableRequireIndicator>               <FlatSchedule><BenefitAmount>%%BenefitAmount%%</BenefitAmount>               </FlatSchedule><GuaranteedIssueMinimumBenefitAmount>%%GuaranteedIssueMinimumBenefitAmount%%</GuaranteedIssueMinimumBenefitAmount><GuaranteedIssueMaximumBenefitAmount>%%GuaranteedIssueMaximumBenefitAmount%%</GuaranteedIssueMaximumBenefitAmount><SimplifiedIssueMaximumBenefitAmount>%%SimplifiedIssueMaximumBenefitAmount%%</SimplifiedIssueMaximumBenefitAmount><SurvivorBenefitCode>%%SurvivorBenefitCode%%</SurvivorBenefitCode><MonthlyBenefitScheduleTypeCode>%%MonthlyBenefitScheduleTypeCode%%</MonthlyBenefitScheduleTypeCode><MinimumOffsetAmount>%%MinimumOffsetAmount%%</MinimumOffsetAmount><MinimumOffsetPercent>%%MinimumOffsetPercent%%</MinimumOffsetPercent><BenefitCheckFrequencyCode>%%BenefitCheckFrequencyCode%%</BenefitCheckFrequencyCode><MinimumBenefitOffsetDetailText>%%MinimumBenefitOffsetDetailText%%</MinimumBenefitOffsetDetailText><IncrementalBenefitIndicator>%%IncrementalBenefitIndicator%%</IncrementalBenefitIndicator><IncrementalAmount>%%IncrementalAmount%%</IncrementalAmount>            </PlanBenefit>            <AdditionalBenefit><CoverageTwentyFourHourCode>%%CoverageTwentyFourHourCode%%</CoverageTwentyFourHourCode><EarlyInterventionProgramIndicator>%%EarlyInterventionProgramIndicator%%</EarlyInterventionProgramIndicator><AccidentalDismembermentLossofSightIndicator>%%AccidentalDismembermentLossofSightIndicator%%</AccidentalDismembermentLossofSightIndicator><TerminalIllnessBenefitsIndicator>%%TerminalIllnessBenefitsIndicator%%</TerminalIllnessBenefitsIndicator>               <DependentSupportBenefit><DependentSupportTypeCode>%%DependentSupportTypeCode%%</DependentSupportTypeCode><BenefitIndicator>%%BenefitIndicator%%</BenefitIndicator>               </DependentSupportBenefit><SabbaticalTrainingandEducationIndicator>%%SabbaticalTrainingandEducationIndicator%%</SabbaticalTrainingandEducationIndicator>            </AdditionalBenefit><ERISAIndicator>%%ERISAIndicator%%</ERISAIndicator><FlexibleFundingIndicator>%%FlexibleFundingIndicator%%</FlexibleFundingIndicator>            <WaitingPeriod><WaitingPeriodUnitofMeasureCode>%%WaitingPeriodUnitofMeasureCode%%</WaitingPeriodUnitofMeasureCode><WaitingPeriodCount>%%WaitingPeriodCount%%</WaitingPeriodCount><EnrollmentPeriodTypeCode>%%EnrollmentPeriodTypeCode%%</EnrollmentPeriodTypeCode><WaitingPeriodIndicator>%%WaitingPeriodIndicator%%</WaitingPeriodIndicator><WaitingPeriodDurationOtherIndicator>%%WaitingPeriodDurationOtherIndicator%%</WaitingPeriodDurationOtherIndicator>            </WaitingPeriod>            <WaitingPeriod><WaitingPeriodUnitofMeasureCode>%%WaitingPeriodUnitofMeasureCode1%%</WaitingPeriodUnitofMeasureCode><WaitingPeriodCount>%%WaitingPeriodCount1%%</WaitingPeriodCount><EnrollmentPeriodTypeCode>%%EnrollmentPeriodTypeCode1%%</EnrollmentPeriodTypeCode><WaitingPeriodIndicator>%%WaitingPeriodIndicator1%%</WaitingPeriodIndicator><WaitingPeriodDurationOtherIndicator>%%WaitingPeriodDurationOtherIndicator1%%</WaitingPeriodDurationOtherIndicator>            </WaitingPeriod>            <ERISAPlan><ERISAPlanID>%%ERISAPlanID%%</ERISAPlanID><ERISAPlanName>%%ERISAPlanName%%</ERISAPlanName><ERISAPlanYearBeginMonthNumber>%%ERISAPlanYearBeginMonthNumber%%</ERISAPlanYearBeginMonthNumber><ERISAPlanYearBeginDayNumber>%%ERISAPlanYearBeginDayNumber%%</ERISAPlanYearBeginDayNumber><ERISAPlanYearEndMonthNumber>%%ERISAPlanYearEndMonthNumber%%</ERISAPlanYearEndMonthNumber><ERISAPlanYearEndDayNumber>%%ERISAPlanYearEndDayNumber%%</ERISAPlanYearEndDayNumber><ClaimReviewFiduciaryResponsibleEntityCode>%%ClaimReviewFiduciaryResponsibleEntityCode%%</ClaimReviewFiduciaryResponsibleEntityCode>            </ERISAPlan>            <PlanRequirement><ActivelyatWorkProvisionIndicator>%%ActivelyatWorkProvisionIndicator%%</ActivelyatWorkProvisionIndicator>            </PlanRequirement>            <QualifyingEvent><QualifyingEventCode>%%QualifyingEventCode%%</QualifyingEventCode><QualifyingEventOtherText>%%QualifyingEventOtherText%%</QualifyingEventOtherText>            </QualifyingEvent>            <Retrospective><CombinedRetrospectiveIndicator>%%CombinedRetrospectiveIndicator%%</CombinedRetrospectiveIndicator>            </Retrospective>            <StatusSetting><StatusCode>%%StatusCode%%</StatusCode>            </StatusSetting>            <ClaimProcessingSupport><IDRequiredIndicator>%%IDRequiredIndicator%%</IDRequiredIndicator><CustomerEOBCount>%%CustomerEOBCount%%</CustomerEOBCount><CheckLegendDescription>%%CheckLegendDescription%%</CheckLegendDescription><BankBlockNumberCode>%%BankBlockNumberCode%%</BankBlockNumberCode>               <ClaimOffice><ClaimOfficeID>%%ClaimOfficeID%%</ClaimOfficeID>               </ClaimOffice>               <ClaimTeam><ClaimTeamID>%%ClaimTeamID%%</ClaimTeamID>               </ClaimTeam><ClaimSubmissionMethodCode>%%ClaimSubmissionMethodCode%%</ClaimSubmissionMethodCode><ApprovalNoticeStatementCount>%%ApprovalNoticeStatementCount%%</ApprovalNoticeStatementCount><RecoverPaymentProcedureCode>%%RecoverPaymentProcedureCode%%</RecoverPaymentProcedureCode><BenefitPaymentDistributionCode>%%BenefitPaymentDistributionCode%%</BenefitPaymentDistributionCode><OverpaymentRecoverIndicator>%%OverpaymentRecoverIndicator%%</OverpaymentRecoverIndicator><ClaimProcessingPrintoutIndicator>%%ClaimProcessingPrintoutIndicator%%</ClaimProcessingPrintoutIndicator><PremiumCheckPayeeName>%%PremiumCheckPayeeName%%</PremiumCheckPayeeName><PremiumDeductionPretaxIndicator>%%PremiumDeductionPretaxIndicator%%</PremiumDeductionPretaxIndicator><EFTIndicator>%%EFTIndicator%%</EFTIndicator>            </ClaimProcessingSupport>            <EligibilityClass><EligibilityClassDescription>%%EligibilityClassDescription%%</EligibilityClassDescription>               <FullTimeRequirement><FullTimeMinimumUnitCount>%%FullTimeMinimumUnitCount%%</FullTimeMinimumUnitCount><FullTimeUnitofMeasureCode>%%FullTimeUnitofMeasureCode%%</FullTimeUnitofMeasureCode><FullTimeWithinPeriodCode>%%FullTimeWithinPeriodCode%%</FullTimeWithinPeriodCode><FullTimeOtherIndicator>%%FullTimeOtherIndicator%%</FullTimeOtherIndicator>               </FullTimeRequirement>               <PartTimeRequirement><PartTimeWithinPeriodCode>%%PartTimeWithinPeriodCode%%</PartTimeWithinPeriodCode><PartTimeMinimumUnitCount>%%PartTimeMinimumUnitCount%%</PartTimeMinimumUnitCount><PartTimeUnitofMeasureCode>%%PartTimeUnitofMeasureCode%%</PartTimeUnitofMeasureCode><PartTimeOtherIndicator>%%PartTimeOtherIndicator%%</PartTimeOtherIndicator>               </PartTimeRequirement><EligibleCount>%%EligibleCount%%</EligibleCount><ActiveCount>%%ActiveCount%%</ActiveCount><PartTimeDefinitionIndicator>%%PartTimeDefinitionIndicator%%</PartTimeDefinitionIndicator>            </EligibilityClass>            <EligibleCoveredCategory>               <CivilUnionRule><StateCode>%%StateCode%%</StateCode><CivilUnionCoveredIndicator>%%CivilUnionCoveredIndicator%%</CivilUnionCoveredIndicator>               </CivilUnionRule><DomesticPartnerPartnershipTypeCode>%%DomesticPartnerPartnershipTypeCode%%</DomesticPartnerPartnershipTypeCode><DomesticPartnerProofRequirementCode>%%DomesticPartnerProofRequirementCode%%</DomesticPartnerProofRequirementCode><DomesticPartnerTimeframeCount>%%DomesticPartnerTimeframeCount%%</DomesticPartnerTimeframeCount><DomesticPartnerTimeframeCode>%%DomesticPartnerTimeframeCode%%</DomesticPartnerTimeframeCode><DomesticPartnerTimeframeImmediateIndicator>%%DomesticPartnerTimeframeImmediateIndicator%%</DomesticPartnerTimeframeImmediateIndicator><DomesticPartnerTimeframeOtherIndicator>%%DomesticPartnerTimeframeOtherIndicator%%</DomesticPartnerTimeframeOtherIndicator>            </EligibleCoveredCategory>            <EnrollmentPeriodRule><EnrollmentPeriodDescription>%%EnrollmentPeriodDescription%%</EnrollmentPeriodDescription>            </EnrollmentPeriodRule>            <EnrollmentPeriodRule><EnrollmentTimeCode>%%EnrollmentTimeCode%%</EnrollmentTimeCode><EnrollmentPeriodCount>%%EnrollmentPeriodCount%%</EnrollmentPeriodCount><EnrollmentPeriodUnitofMeasureCode>%%EnrollmentPeriodUnitofMeasureCode%%</EnrollmentPeriodUnitofMeasureCode>            </EnrollmentPeriodRule>            <EnrollmentPeriodRule><EnrollmentTimeCode>%%EnrollmentTimeCode1%%</EnrollmentTimeCode><EnrollmentFrequencyCount>%%EnrollmentFrequencyCount%%</EnrollmentFrequencyCount><EnrollmentFrequencyWithinCount>%%EnrollmentFrequencyWithinCount%%</EnrollmentFrequencyWithinCount><EnrollmentFrequencyWithinCode>%%EnrollmentFrequencyWithinCode%%</EnrollmentFrequencyWithinCode><EnrollmentPeriodOtherIndicator>%%EnrollmentPeriodOtherIndicator%%</EnrollmentPeriodOtherIndicator>            </EnrollmentPeriodRule>            <EnrollmentPeriodRule><EnrollmentTimeCode>%%EnrollmentTimeCode2%%</EnrollmentTimeCode><EnrollmentPeriodCount>%%EnrollmentPeriodCount1%%</EnrollmentPeriodCount><EnrollmentPeriodUnitofMeasureCode>%%EnrollmentPeriodUnitofMeasureCode1%%</EnrollmentPeriodUnitofMeasureCode><EnrollmentPeriodDescription>%%EnrollmentPeriodDescription1%%</EnrollmentPeriodDescription><QualifyingEventCoverageStartRuleCode>%%QualifyingEventCoverageStartRuleCode%%</QualifyingEventCoverageStartRuleCode><EnrollmentPeriodOtherIndicator>%%EnrollmentPeriodOtherIndicator1%%</EnrollmentPeriodOtherIndicator><QualifyingEventCoverageStartRuleDescription>%%QualifyingEventCoverageStartRuleDescription%%</QualifyingEventCoverageStartRuleDescription>            </EnrollmentPeriodRule><EligibilityWaitingPeriodIndicator>%%EligibilityWaitingPeriodIndicator%%</EligibilityWaitingPeriodIndicator><PerformanceGuaranteeIndicator>%%PerformanceGuaranteeIndicator%%</PerformanceGuaranteeIndicator><PriorCarrierIndicator>%%PriorCarrierIndicator%%</PriorCarrierIndicator><SummaryPlanDescriptionOwnerText>%%SummaryPlanDescriptionOwnerText%%</SummaryPlanDescriptionOwnerText><MetLifeCompanyOwnershipCode>%%MetLifeCompanyOwnershipCode%%</MetLifeCompanyOwnershipCode>            <SponsorContribution><SponsorContributoryPercentage>%%SponsorContributoryPercentage%%</SponsorContributoryPercentage>            </SponsorContribution>            <PlanDateRule><CoverageEffectiveDateRuleCode>%%CoverageEffectiveDateRuleCode%%</CoverageEffectiveDateRuleCode><CoverageEffectiveDateRuleOtherText>%%CoverageEffectiveDateRuleOtherText%%</CoverageEffectiveDateRuleOtherText>               <PlanTerminationDateRule><CoverageTerminationDateRuleCode>%%CoverageTerminationDateRuleCode%%</CoverageTerminationDateRuleCode><CoverageTerminationDateRuleOtherText>%%CoverageTerminationDateRuleOtherText%%</CoverageTerminationDateRuleOtherText>               </PlanTerminationDateRule><PlanDateRuleTypeCode>%%PlanDateRuleTypeCode%%</PlanDateRuleTypeCode><CoverageEffectiveDateNonStandardExplanationText>%%CoverageEffectiveDateNonStandardExplanationText%%</CoverageEffectiveDateNonStandardExplanationText><FutureIncreaseEffectiveCode>%%FutureIncreaseEffectiveCode%%</FutureIncreaseEffectiveCode><FutureIncreaseEffectiveDate>%%FutureIncreaseEffectiveDate%%</FutureIncreaseEffectiveDate><FutureIncreaseEffectiveOtherText>%%FutureIncreaseEffectiveOtherText%%</FutureIncreaseEffectiveOtherText><FutureDecreaseEffectiveCode>%%FutureDecreaseEffectiveCode%%</FutureDecreaseEffectiveCode><FutureDecreaseEffectiveDate>%%FutureDecreaseEffectiveDate%%</FutureDecreaseEffectiveDate><FutureDecreaseEffectiveOtherText>%%FutureDecreaseEffectiveOtherText%%</FutureDecreaseEffectiveOtherText>            </PlanDateRule>            <MasterTax>               <MasterTaxReportingOption><ERISAFederalID>%%ERISAFederalID%%</ERISAFederalID>               </MasterTaxReportingOption>            </MasterTax><Section125PlanIndicator>%%Section125PlanIndicator%%</Section125PlanIndicator><BusinessTypeCode>%%BusinessTypeCode%%</BusinessTypeCode><EarningsDefinitionCode>%%EarningsDefinitionCode%%</EarningsDefinitionCode><TaxContributionCode>%%TaxContributionCode%%</TaxContributionCode><DetailFinancialArrangementCode>%%DetailFinancialArrangementCode%%</DetailFinancialArrangementCode><MedicalFormLetterDistributionCode>%%MedicalFormLetterDistributionCode%%</MedicalFormLetterDistributionCode><RecurrentClaimPeriodDurationCount>%%RecurrentClaimPeriodDurationCount%%</RecurrentClaimPeriodDurationCount><RecurrentClaimPeriodDurationCode>%%RecurrentClaimPeriodDurationCode%%</RecurrentClaimPeriodDurationCode><COLAAdjustmentIndicator>%%COLAAdjustmentIndicator%%</COLAAdjustmentIndicator><SocialSecurityCOLAIndicator>%%SocialSecurityCOLAIndicator%%</SocialSecurityCOLAIndicator><COLAApplyinYears>%%COLAApplyinYears%%</COLAApplyinYears>            <COLAWaitingPeriod><WaitingPeriodUnitofMeasureCode>%%WaitingPeriodUnitofMeasureCode2%%</WaitingPeriodUnitofMeasureCode><WaitingPeriodCount>%%WaitingPeriodCount2%%</WaitingPeriodCount>            </COLAWaitingPeriod><COLACalculationCode>%%COLACalculationCode%%</COLACalculationCode><AMPMRuleIndicator>%%AMPMRuleIndicator%%</AMPMRuleIndicator><DisabilityFirstDayCode>%%DisabilityFirstDayCode%%</DisabilityFirstDayCode><COLAAdjustmentIncreasePercentage>%%COLAAdjustmentIncreasePercentage%%</COLAAdjustmentIncreasePercentage><AnyOccupationCode>%%AnyOccupationCode%%</AnyOccupationCode><DisabilityDefinitionTypeCode>%%DisabilityDefinitionTypeCode%%</DisabilityDefinitionTypeCode><CertificateSeriesCode>%%CertificateSeriesCode%%</CertificateSeriesCode>            <PolicyholderAttribute><PolicyholderAttributeCode>%%PolicyholderAttributeCode%%</PolicyholderAttributeCode>            </PolicyholderAttribute>            <LayoffCoverageContinuationProvision><CoverageContinuationCode>%%CoverageContinuationCode%%</CoverageContinuationCode><CoverageContinuationDurationCount>%%CoverageContinuationDurationCount%%</CoverageContinuationDurationCount><CoverageContinuationDurationCode>%%CoverageContinuationDurationCode%%</CoverageContinuationDurationCode>            </LayoffCoverageContinuationProvision>            <ProbationaryPeriod><ProbationaryPeriodUnitofMeasureCode>%%ProbationaryPeriodUnitofMeasureCode%%</ProbationaryPeriodUnitofMeasureCode><ProbationaryPeriodCount>%%ProbationaryPeriodCount%%</ProbationaryPeriodCount><ProbationaryPeriodCode>%%ProbationaryPeriodCode%%</ProbationaryPeriodCode><EligibilityEffectiveDateCode>%%EligibilityEffectiveDateCode%%</EligibilityEffectiveDateCode>            </ProbationaryPeriod>            <LeaveofAbsenceContinuationProvision><CoverageContinuationCode>%%CoverageContinuationCode1%%</CoverageContinuationCode><CoverageContinuationDurationCount>%%CoverageContinuationDurationCount1%%</CoverageContinuationDurationCount><CoverageContinuationDurationCode>%%CoverageContinuationDurationCode1%%</CoverageContinuationDurationCode><CoverageContinuationOtherText>%%CoverageContinuationOtherText%%</CoverageContinuationOtherText><CoverageContinuationTerminationDateRuleCode>%%CoverageContinuationTerminationDateRuleCode%%</CoverageContinuationTerminationDateRuleCode>            </LeaveofAbsenceContinuationProvision><LimitedLiabilityTypeCode>%%LimitedLiabilityTypeCode%%</LimitedLiabilityTypeCode><LimitedLiabilityEndMonthNumber>%%LimitedLiabilityEndMonthNumber%%</LimitedLiabilityEndMonthNumber><ReserveBuyoutEffectiveDate>%%ReserveBuyoutEffectiveDate%%</ReserveBuyoutEffectiveDate>            <PlanDetail><PeriodicEnrollmentIndicator>%%PeriodicEnrollmentIndicator%%</PeriodicEnrollmentIndicator><PolicyOriginationCode>%%PolicyOriginationCode%%</PolicyOriginationCode>            </PlanDetail><QualifyingEventIndicator>%%QualifyingEventIndicator%%</QualifyingEventIndicator>            <IllnessContinuationProvision><CoverageContinuationCode>%%CoverageContinuationCode2%%</CoverageContinuationCode><CoverageContinuationDurationCount>%%CoverageContinuationDurationCount2%%</CoverageContinuationDurationCount><CoverageContinuationDurationCode>%%CoverageContinuationDurationCode2%%</CoverageContinuationDurationCode><CoverageContinuationOtherText>%%CoverageContinuationOtherText1%%</CoverageContinuationOtherText>            </IllnessContinuationProvision>            <StrikeContinuationProvision><CoverageContinuationCode>%%CoverageContinuationCode3%%</CoverageContinuationCode><CoverageContinuationDurationCount>%%CoverageContinuationDurationCount3%%</CoverageContinuationDurationCount><CoverageContinuationDurationCode>%%CoverageContinuationDurationCode3%%</CoverageContinuationDurationCode><CoverageContinuationOtherText>%%CoverageContinuationOtherText2%%</CoverageContinuationOtherText>            </StrikeContinuationProvision><EconomyCode>%%EconomyCode%%</EconomyCode>            <PartTimeContinuationProvision><CoverageContinuationCode>%%CoverageContinuationCode4%%</CoverageContinuationCode><CoverageContinuationDurationCount>%%CoverageContinuationDurationCount4%%</CoverageContinuationDurationCount><CoverageContinuationOtherText>%%CoverageContinuationOtherText3%%</CoverageContinuationOtherText>            </PartTimeContinuationProvision><EmploymentServiceRangeTypeCode>%%EmploymentServiceRangeTypeCode2%%</EmploymentServiceRangeTypeCode>            <CommissionsAverageTimePeriod><TimePeriodCount>%%TimePeriodCount6%%</TimePeriodCount><TimePeriodCode>%%TimePeriodCode6%%</TimePeriodCode>            </CommissionsAverageTimePeriod>            <BonusAverageTimePeriod><TimePeriodCount>%%TimePeriodCount7%%</TimePeriodCount><TimePeriodCode>%%TimePeriodCode7%%</TimePeriodCode>            </BonusAverageTimePeriod><NonStandardPredisabilityEarningsDefinitionIndicator>%%NonStandardPredisabilityEarningsDefinitionIndicator%%</NonStandardPredisabilityEarningsDefinitionIndicator>            <SalaryIntake>               <SalaryIntakeDate><SalaryEffectiveDateCode>%%SalaryEffectiveDateCode%%</SalaryEffectiveDateCode>               </SalaryIntakeDate>            </SalaryIntake><AutomaticEnrollmentIndicator>%%AutomaticEnrollmentIndicator%%</AutomaticEnrollmentIndicator>            <ReimbursementProvision><CheckNotIssueDurationCount>%%CheckNotIssueDurationCount%%</CheckNotIssueDurationCount><CheckNotIssueModeCode>%%CheckNotIssueModeCode%%</CheckNotIssueModeCode>            </ReimbursementProvision><TotalInsuranceMaximumPayrollAmount>%%TotalInsuranceMaximumPayrollAmount%%</TotalInsuranceMaximumPayrollAmount><PortabilityEligibilityMaximumAgeinYears>%%PortabilityEligibilityMaximumAgeinYears%%</PortabilityEligibilityMaximumAgeinYears><PortabilityMaximumCoverageAmountCode>%%PortabilityMaximumCoverageAmountCode%%</PortabilityMaximumCoverageAmountCode><PortabilityMaximumCoverageAmount>%%PortabilityMaximumCoverageAmount%%</PortabilityMaximumCoverageAmount><OffsetEstimationVersionCode>%%OffsetEstimationVersionCode%%</OffsetEstimationVersionCode><LimitedDisabilityBenefitsLanguageCode>%%LimitedDisabilityBenefitsLanguageCode%%</LimitedDisabilityBenefitsLanguageCode><DecreaseCoverageTimeCode>%%DecreaseCoverageTimeCode%%</DecreaseCoverageTimeCode><IncreaseCoverageTimeCode>%%IncreaseCoverageTimeCode%%</IncreaseCoverageTimeCode><DiscontinueCoverageTimeCode>%%DiscontinueCoverageTimeCode%%</DiscontinueCoverageTimeCode>            <PortabilityWaitingPeriod><WaitingPeriodUnitofMeasureCode>%%WaitingPeriodUnitofMeasureCode3%%</WaitingPeriodUnitofMeasureCode><WaitingPeriodCount>%%WaitingPeriodCount3%%</WaitingPeriodCount>            </PortabilityWaitingPeriod><PortabilityCoverageTerminationAgeinYears>%%PortabilityCoverageTerminationAgeinYears%%</PortabilityCoverageTerminationAgeinYears><GoverningSitusBodyText>%%GoverningSitusBodyText%%</GoverningSitusBodyText>            <MasterContract><MetLifePolicyID>%%MetLifePolicyID%%</MetLifePolicyID>            </MasterContract><UnemployedBenefitEligibleIndicator>%%UnemployedBenefitEligibleIndicator%%</UnemployedBenefitEligibleIndicator>            <PartialDisabilityProvision><PartialDisabilityBenefitCalculationPercentage>%%PartialDisabilityBenefitCalculationPercentage%%</PartialDisabilityBenefitCalculationPercentage>            </PartialDisabilityProvision>            <RateGuarantee><RateGuaranteeDurationCount>%%RateGuaranteeDurationCount%%</RateGuaranteeDurationCount><RateGuaranteeDurationCode>%%RateGuaranteeDurationCode%%</RateGuaranteeDurationCode><RateGuaranteeDurationOtherIndicator>%%RateGuaranteeDurationOtherIndicator%%</RateGuaranteeDurationOtherIndicator>            </RateGuarantee>            <PriorCarrier><PriorCarrierName>%%PriorCarrierName%%</PriorCarrierName>            </PriorCarrier>            <CertificateOption><CertificateIssueTypeCode>%%CertificateIssueTypeCode%%</CertificateIssueTypeCode><IncludeERISAPlanYearIndicator>%%IncludeERISAPlanYearIndicator%%</IncludeERISAPlanYearIndicator><IncludeERISAWordingIndicator>%%IncludeERISAWordingIndicator%%</IncludeERISAWordingIndicator><IncludeERISAPlanNumberIndicator>%%IncludeERISAPlanNumberIndicator%%</IncludeERISAPlanNumberIndicator>            </CertificateOption>            <ExtraTerritorialRegion><ExtraTerritorialGoverningBodyName>%%ExtraTerritorialGoverningBodyName%%</ExtraTerritorialGoverningBodyName>            </ExtraTerritorialRegion><ParticipatingIndicator>%%ParticipatingIndicator%%</ParticipatingIndicator><PreviousAdministrationSystemConversionIndicator>%%PreviousAdministrationSystemConversionIndicator%%</PreviousAdministrationSystemConversionIndicator><RehireWaitingPeriodWaiveIndicator>%%RehireWaitingPeriodWaiveIndicator%%</RehireWaitingPeriodWaiveIndicator><RehireWithinPeriodOtherIndicator>%%RehireWithinPeriodOtherIndicator%%</RehireWithinPeriodOtherIndicator><RehireWithinTimePeriodCode>%%RehireWithinTimePeriodCode%%</RehireWithinTimePeriodCode><RehireWithinTimePeriodCount>%%RehireWithinTimePeriodCount%%</RehireWithinTimePeriodCount><TrustAffiliateCode>%%TrustAffiliateCode%%</TrustAffiliateCode><EnrollmentTypeCode>%%EnrollmentTypeCode%%</EnrollmentTypeCode><EmployeeDescriptorCode>%%EmployeeDescriptorCode%%</EmployeeDescriptorCode>            <PerformanceGuaranteeType><PerformanceGuaranteeTypeCode>%%PerformanceGuaranteeTypeCode%%</PerformanceGuaranteeTypeCode><AggregateMaximumIndicator>%%AggregateMaximumIndicator%%</AggregateMaximumIndicator>            </PerformanceGuaranteeType>            <PerformanceGuaranteeType><PerformanceGuaranteeTypeCode>%%PerformanceGuaranteeTypeCode1%%</PerformanceGuaranteeTypeCode><AggregateMaximumIndicator>%%AggregateMaximumIndicator1%%</AggregateMaximumIndicator>            </PerformanceGuaranteeType>            <PerformanceGuarantee><PerformanceGuaranteePremiumatRiskPercentage>%%PerformanceGuaranteePremiumatRiskPercentage%%</PerformanceGuaranteePremiumatRiskPercentage><PerformanceGuaranteeBasisCode>%%PerformanceGuaranteeBasisCode%%</PerformanceGuaranteeBasisCode><PerformanceGuaranteeTimeCode>%%PerformanceGuaranteeTimeCode%%</PerformanceGuaranteeTimeCode><PerformanceGuaranteeRateReductionIndicator>%%PerformanceGuaranteeRateReductionIndicator%%</PerformanceGuaranteeRateReductionIndicator>            </PerformanceGuarantee><MultipleProductPremiumDiscountIndicator>%%MultipleProductPremiumDiscountIndicator%%</MultipleProductPremiumDiscountIndicator>            <EligibilityType><EligibilityTypeCode>%%EligibilityTypeCode%%</EligibilityTypeCode>            </EligibilityType><MemberParticipationPercent>%%MemberParticipationPercent%%</MemberParticipationPercent>            <MilitaryLeaveContinuationProvision><CoverageContinuationCode>%%CoverageContinuationCode5%%</CoverageContinuationCode><CoverageContinuationDurationCount>%%CoverageContinuationDurationCount5%%</CoverageContinuationDurationCount><CoverageContinuationOtherText>%%CoverageContinuationOtherText4%%</CoverageContinuationOtherText>            </MilitaryLeaveContinuationProvision>            <SabbaticalContinuationProvision><CoverageContinuationCode>%%CoverageContinuationCode6%%</CoverageContinuationCode><CoverageContinuationDurationCount>%%CoverageContinuationDurationCount6%%</CoverageContinuationDurationCount><CoverageContinuationOtherText>%%CoverageContinuationOtherText5%%</CoverageContinuationOtherText>            </SabbaticalContinuationProvision><DisabilityProofDurationCount>%%DisabilityProofDurationCount%%</DisabilityProofDurationCount><DisabilityProofDurationCode>%%DisabilityProofDurationCode%%</DisabilityProofDurationCode><PreexistingConditionTreatmentDurationCount>%%PreexistingConditionTreatmentDurationCount%%</PreexistingConditionTreatmentDurationCount><PreexistingConditionTreatmentDurationCode>%%PreexistingConditionTreatmentDurationCode%%</PreexistingConditionTreatmentDurationCode><PreexistingConditionTreatmentFreeDurationCount>%%PreexistingConditionTreatmentFreeDurationCount%%</PreexistingConditionTreatmentFreeDurationCount><PreexistingConditionTreatmentFreeDurationCode>%%PreexistingConditionTreatmentFreeDurationCode%%</PreexistingConditionTreatmentFreeDurationCode><PreexistingConditionWaitingPeriodCount>%%PreexistingConditionWaitingPeriodCount%%</PreexistingConditionWaitingPeriodCount><PreexistingConditionWaitingPeriodCode>%%PreexistingConditionWaitingPeriodCode%%</PreexistingConditionWaitingPeriodCode><PreexistingConditionCode>%%PreexistingConditionCode%%</PreexistingConditionCode><PreexistingLimitationApplyCode>%%PreexistingLimitationApplyCode%%</PreexistingLimitationApplyCode><PreexistingLimitBenefitAmount>%%PreexistingLimitBenefitAmount%%</PreexistingLimitBenefitAmount><BasicDisabilityDefinitionCode>%%BasicDisabilityDefinitionCode%%</BasicDisabilityDefinitionCode><EnhancedDisabilityDefinitionCode>%%EnhancedDisabilityDefinitionCode%%</EnhancedDisabilityDefinitionCode>            <DisabilityDefinitionCriteria><DisabilityDefinitionCriteriaCode>%%DisabilityDefinitionCriteriaCode%%</DisabilityDefinitionCriteriaCode>            </DisabilityDefinitionCriteria><DisabilityDefinitionNonStandardDescription>%%DisabilityDefinitionNonStandardDescription%%</DisabilityDefinitionNonStandardDescription><DisabilityDateCode>%%DisabilityDateCode%%</DisabilityDateCode><AccidentProvisionCode>%%AccidentProvisionCode%%</AccidentProvisionCode><BenefitWaitingPeriodTypeCode>%%BenefitWaitingPeriodTypeCode%%</BenefitWaitingPeriodTypeCode><BenefitWaitingPeriodDescription>%%BenefitWaitingPeriodDescription%%</BenefitWaitingPeriodDescription><FirstTreatmentWithinDays>%%FirstTreatmentWithinDays%%</FirstTreatmentWithinDays><DisabilityChangeDurationCode>%%DisabilityChangeDurationCode%%</DisabilityChangeDurationCode><DisabilityChangeDurationCount>%%DisabilityChangeDurationCount%%</DisabilityChangeDurationCount><BenefitPaymentPeriodCode>%%BenefitPaymentPeriodCode%%</BenefitPaymentPeriodCode><SocialSecurityDisabilityBenefitEndCode>%%SocialSecurityDisabilityBenefitEndCode%%</SocialSecurityDisabilityBenefitEndCode><OwnOccupationDurationCount>%%OwnOccupationDurationCount%%</OwnOccupationDurationCount><OwnOccupationDurationCode>%%OwnOccupationDurationCode%%</OwnOccupationDurationCode><OwnOccupationPeriodCode>%%OwnOccupationPeriodCode%%</OwnOccupationPeriodCode><NonStandardMaximumDurationDescription>%%NonStandardMaximumDurationDescription%%</NonStandardMaximumDurationDescription><TemporaryRecoveryDayTypeCode>%%TemporaryRecoveryDayTypeCode%%</TemporaryRecoveryDayTypeCode><TemporaryRecoveryBenefitSatisfyIndicator>%%TemporaryRecoveryBenefitSatisfyIndicator%%</TemporaryRecoveryBenefitSatisfyIndicator><RecoveryDurationCount>%%RecoveryDurationCount%%</RecoveryDurationCount>            <MEOI><MemberEOIRequireCode>%%MemberEOIRequireCode%%</MemberEOIRequireCode>               <MEOIParticipantType><NonMedicalMaximumBenefitAmount>%%NonMedicalMaximumBenefitAmount%%</NonMedicalMaximumBenefitAmount>               </MEOIParticipantType>            </MEOI><RecoveryDurationCode>%%RecoveryDurationCode%%</RecoveryDurationCode><RecoveryPeriodCode>%%RecoveryPeriodCode%%</RecoveryPeriodCode><ExternalResidenceMonthlyPaymentEndIndicator>%%ExternalResidenceMonthlyPaymentEndIndicator%%</ExternalResidenceMonthlyPaymentEndIndicator><PremiumWaiverStartCode>%%PremiumWaiverStartCode%%</PremiumWaiverStartCode><NonStandardPremiumWaiverStartDescription>%%NonStandardPremiumWaiverStartDescription%%</NonStandardPremiumWaiverStartDescription><WeeklyPredisabilityEarningsStartCode>%%WeeklyPredisabilityEarningsStartCode%%</WeeklyPredisabilityEarningsStartCode><NonStandardWeeklyPredisabilityEarningsStartDescription>%%NonStandardWeeklyPredisabilityEarningsStartDescription%%</NonStandardWeeklyPredisabilityEarningsStartDescription><CommissionCalculationTypeCode>%%CommissionCalculationTypeCode%%</CommissionCalculationTypeCode><NonStandardCommissionCalculationTypeDescription>%%NonStandardCommissionCalculationTypeDescription%%</NonStandardCommissionCalculationTypeDescription><BonusCalculationTypeCode>%%BonusCalculationTypeCode%%</BonusCalculationTypeCode><NonStandardBonusCalculationTypeDescription>%%NonStandardBonusCalculationTypeDescription%%</NonStandardBonusCalculationTypeDescription><MaximumDurationMethodCode>%%MaximumDurationMethodCode%%</MaximumDurationMethodCode><MaximumDurationDeterminationCode>%%MaximumDurationDeterminationCode%%</MaximumDurationDeterminationCode><CommissionApplicableToPositionName>%%CommissionApplicableToPositionName%%</CommissionApplicableToPositionName><BonusApplicableToPositionName>%%BonusApplicableToPositionName%%</BonusApplicableToPositionName><IndexingWaitingPeriodCount>%%IndexingWaitingPeriodCount%%</IndexingWaitingPeriodCount><IndexingWaitingPeriodCode>%%IndexingWaitingPeriodCode%%</IndexingWaitingPeriodCode><NonStandardBenefitIntegrationMethodDescription>%%NonStandardBenefitIntegrationMethodDescription%%</NonStandardBenefitIntegrationMethodDescription>            <DisabilityOffsetType><OffsetCode>%%OffsetCode%%</OffsetCode><SocialSecurityOffsetIndicator>%%SocialSecurityOffsetIndicator%%</SocialSecurityOffsetIndicator>            </DisabilityOffsetType>            <DisabilityOffsetType><OffsetCode>%%OffsetCode1%%</OffsetCode><DelayIndicator>%%DelayIndicator%%</DelayIndicator>            </DisabilityOffsetType>            <DisabilityOffsetType><OffsetCode>%%OffsetCode2%%</OffsetCode><EstimateIndicator>%%EstimateIndicator%%</EstimateIndicator>            </DisabilityOffsetType>            <DisabilityOffsetType><OffsetCode>%%OffsetCode3%%</OffsetCode><IncludeIndicator>%%IncludeIndicator%%</IncludeIndicator>            </DisabilityOffsetType>            <DisabilityOffsetType><OffsetCode>%%OffsetCode4%%</OffsetCode><InitialAmountFrozenIndicator>%%InitialAmountFrozenIndicator%%</InitialAmountFrozenIndicator>            </DisabilityOffsetType><OffsetDelayDurationCount>%%OffsetDelayDurationCount%%</OffsetDelayDurationCount><OffsetDelayDurationCode>%%OffsetDelayDurationCode%%</OffsetDelayDurationCode><OffsetEstimatedByOtherIncomeIndicator>%%OffsetEstimatedByOtherIncomeIndicator%%</OffsetEstimatedByOtherIncomeIndicator><AttorneyFeeCarveoutIndicator>%%AttorneyFeeCarveoutIndicator%%</AttorneyFeeCarveoutIndicator><SurvivorBenefitIncomeTypeCode>%%SurvivorBenefitIncomeTypeCode%%</SurvivorBenefitIncomeTypeCode><DomesticPartnerBenefitIndicator>%%DomesticPartnerBenefitIndicator%%</DomesticPartnerBenefitIndicator><NonStandardDomesticPartnerExplanationText>%%NonStandardDomesticPartnerExplanationText%%</NonStandardDomesticPartnerExplanationText><SurvivorBenefitIncomeAccelerateIndicator>%%SurvivorBenefitIncomeAccelerateIndicator%%</SurvivorBenefitIncomeAccelerateIndicator><PensionContributionScheduleTypeCode>%%PensionContributionScheduleTypeCode%%</PensionContributionScheduleTypeCode><NonStandardPensionContributionScheduleTypeDescription>%%NonStandardPensionContributionScheduleTypeDescription%%</NonStandardPensionContributionScheduleTypeDescription><PremiumPayAddressAllLocationIndicator>%%PremiumPayAddressAllLocationIndicator%%</PremiumPayAddressAllLocationIndicator><PortabilityWrittenRequestIndicator>%%PortabilityWrittenRequestIndicator%%</PortabilityWrittenRequestIndicator><NonDisabledRequirementIndicator>%%NonDisabledRequirementIndicator%%</NonDisabledRequirementIndicator><MinimumInsuredTimeRequirementIndicator>%%MinimumInsuredTimeRequirementIndicator%%</MinimumInsuredTimeRequirementIndicator><MemberCoverageContinuousIndicator>%%MemberCoverageContinuousIndicator%%</MemberCoverageContinuousIndicator><EmployerFICAMatchIndicator>%%EmployerFICAMatchIndicator%%</EmployerFICAMatchIndicator><TaxReimburseIndicator>%%TaxReimburseIndicator%%</TaxReimburseIndicator><TaxReportingFrequencyCode>%%TaxReportingFrequencyCode%%</TaxReportingFrequencyCode><AdviceToPayReportCumulativeIndicator>%%AdviceToPayReportCumulativeIndicator%%</AdviceToPayReportCumulativeIndicator><DualFinancialReportNumber>%%DualFinancialReportNumber%%</DualFinancialReportNumber><DisabilityNotificationDurationCount>%%DisabilityNotificationDurationCount%%</DisabilityNotificationDurationCount><DisabilityNotificationDurationCode>%%DisabilityNotificationDurationCode%%</DisabilityNotificationDurationCode><OccupationDisabilityCode>%%OccupationDisabilityCode%%</OccupationDisabilityCode><WorkWeekScheduleLevelCode>%%WorkWeekScheduleLevelCode%%</WorkWeekScheduleLevelCode><WeeklyBenefitDayBasisCode>%%WeeklyBenefitDayBasisCode%%</WeeklyBenefitDayBasisCode><WorkWeekScheduleCode>%%WorkWeekScheduleCode%%</WorkWeekScheduleCode><CommissionAverageFrequencyCode>%%CommissionAverageFrequencyCode%%</CommissionAverageFrequencyCode><SourcePlanSecondPercent>%%SourcePlanSecondPercent%%</SourcePlanSecondPercent><SourcePlanFirstPercent>%%SourcePlanFirstPercent%%</SourcePlanFirstPercent><BackdoorPlanFirstPercent>%%BackdoorPlanFirstPercent%%</BackdoorPlanFirstPercent><BackdoorPlanSecondPercent>%%BackdoorPlanSecondPercent%%</BackdoorPlanSecondPercent><ZeroBenefitProcedureIndicator>%%ZeroBenefitProcedureIndicator%%</ZeroBenefitProcedureIndicator><SocialSecurityCalculateIndicator>%%SocialSecurityCalculateIndicator%%</SocialSecurityCalculateIndicator><DisabilityBenefitLimitIndicator>%%DisabilityBenefitLimitIndicator%%</DisabilityBenefitLimitIndicator><PortabilityEligibleOtherPolicyIndicator>%%PortabilityEligibleOtherPolicyIndicator%%</PortabilityEligibleOtherPolicyIndicator><SalaryTaxIndicator>%%SalaryTaxIndicator%%</SalaryTaxIndicator><BenefitWaitingPeriodTemporaryRecoveryIndicator>%%BenefitWaitingPeriodTemporaryRecoveryIndicator%%</BenefitWaitingPeriodTemporaryRecoveryIndicator><MinimumBenefitSubjecttoRehabilitationIncentiveIndicator>%%MinimumBenefitSubjecttoRehabilitationIncentiveIndicator%%</MinimumBenefitSubjecttoRehabilitationIncentiveIndicator><RehabilitationRequiredIndicator>%%RehabilitationRequiredIndicator%%</RehabilitationRequiredIndicator><SurvivorBenefitOverpaymentRecoverIndicator>%%SurvivorBenefitOverpaymentRecoverIndicator%%</SurvivorBenefitOverpaymentRecoverIndicator>            <AgeBenefitDuration><MinimumMemberAgeinYears>%%MinimumMemberAgeinYears%%</MinimumMemberAgeinYears><DisabilityTypeCode>%%DisabilityTypeCode%%</DisabilityTypeCode><MinimumMemberAgeinMonths>%%MinimumMemberAgeinMonths%%</MinimumMemberAgeinMonths><MaximumMemberAgeinYears>%%MaximumMemberAgeinYears%%</MaximumMemberAgeinYears><MaximumMemberAgeinMonths>%%MaximumMemberAgeinMonths%%</MaximumMemberAgeinMonths><StopPaymentinYears>%%StopPaymentinYears%%</StopPaymentinYears><StopPaymentinMonths>%%StopPaymentinMonths%%</StopPaymentinMonths>            </AgeBenefitDuration><DecreaseQualifyingEventGracePeriodCount>%%DecreaseQualifyingEventGracePeriodCount%%</DecreaseQualifyingEventGracePeriodCount><DecreaseQualifyingEventGracePeriodCode>%%DecreaseQualifyingEventGracePeriodCode%%</DecreaseQualifyingEventGracePeriodCode><IncreaseQualifyingEventGracePeriodCount>%%IncreaseQualifyingEventGracePeriodCount%%</IncreaseQualifyingEventGracePeriodCount><IncreaseQualifyingEventGracePeriodCode>%%IncreaseQualifyingEventGracePeriodCode%%</IncreaseQualifyingEventGracePeriodCode><DiscontinueQualifyingEventGracePeriodCount>%%DiscontinueQualifyingEventGracePeriodCount%%</DiscontinueQualifyingEventGracePeriodCount><DiscontinueQualifyingEventGracePeriodCode>%%DiscontinueQualifyingEventGracePeriodCode%%</DiscontinueQualifyingEventGracePeriodCode>            <RehabilitationIncentive><RehabilitationIncentiveTypeCode>%%RehabilitationIncentiveTypeCode%%</RehabilitationIncentiveTypeCode><RehabilitationIncentiveIndicator>%%RehabilitationIncentiveIndicator%%</RehabilitationIncentiveIndicator><IncentiveScheduleTypeCode>%%IncentiveScheduleTypeCode%%</IncentiveScheduleTypeCode><NonStandardIncentiveScheduleTypeDescription>%%NonStandardIncentiveScheduleTypeDescription%%</NonStandardIncentiveScheduleTypeDescription><IncentiveStartCode>%%IncentiveStartCode%%</IncentiveStartCode><IncentiveModificationIndicator>%%IncentiveModificationIndicator%%</IncentiveModificationIndicator>            </RehabilitationIncentive>            <RehabilitationIncentive><RehabilitationIncentiveTypeCode>%%RehabilitationIncentiveTypeCode1%%</RehabilitationIncentiveTypeCode><RehabilitationIncentiveIndicator>%%RehabilitationIncentiveIndicator1%%</RehabilitationIncentiveIndicator><RehabilitationIncentiveAmount>%%RehabilitationIncentiveAmount%%</RehabilitationIncentiveAmount><BenefitDurationCount>%%BenefitDurationCount%%</BenefitDurationCount><BenefitDurationCode>%%BenefitDurationCode%%</BenefitDurationCode><AggregateCapIndicator>%%AggregateCapIndicator%%</AggregateCapIndicator><MaximumIncentivePercent>%%MaximumIncentivePercent%%</MaximumIncentivePercent>            </RehabilitationIncentive>            <RehabilitationIncentive><RehabilitationIncentiveTypeCode>%%RehabilitationIncentiveTypeCode2%%</RehabilitationIncentiveTypeCode><RehabilitationIncentiveIndicator>%%RehabilitationIncentiveIndicator2%%</RehabilitationIncentiveIndicator><RehabilitationPercent>%%RehabilitationPercent%%</RehabilitationPercent><RehabilitationDurationCount>%%RehabilitationDurationCount%%</RehabilitationDurationCount><RehabilitationDurationCode>%%RehabilitationDurationCode%%</RehabilitationDurationCode>            </RehabilitationIncentive>            <PremiumPayCoverage><PremiumPayCoverageOptionCode>%%PremiumPayCoverageOptionCode%%</PremiumPayCoverageOptionCode><PremiumPayIndicator>%%PremiumPayIndicator%%</PremiumPayIndicator>            </PremiumPayCoverage>            <DisabilityIncomeType><IncomeTypeCode>%%IncomeTypeCode%%</IncomeTypeCode><NonOffsetIndicator>%%NonOffsetIndicator%%</NonOffsetIndicator>            </DisabilityIncomeType>            <BenefitLimitCondition><ConditionCode>%%ConditionCode%%</ConditionCode><LimitDurationCount>%%LimitDurationCount%%</LimitDurationCount><LimitIndicator>%%LimitIndicator%%</LimitIndicator><BenefitBeginDateCode>%%BenefitBeginDateCode%%</BenefitBeginDateCode><OccurrenceFrequencyTypeCode>%%OccurrenceFrequencyTypeCode%%</OccurrenceFrequencyTypeCode><LimitDurationCode>%%LimitDurationCode%%</LimitDurationCode><OccurrenceReconfinementDurationCount>%%OccurrenceReconfinementDurationCount%%</OccurrenceReconfinementDurationCount><OccurrenceReconfinementDurationCode>%%OccurrenceReconfinementDurationCode%%</OccurrenceReconfinementDurationCode><OccurrenceReconfinementDurationOtherIndicator>%%OccurrenceReconfinementDurationOtherIndicator%%</OccurrenceReconfinementDurationOtherIndicator><ReconfinementDurationCount>%%ReconfinementDurationCount%%</ReconfinementDurationCount><ReconfinementDurationCode>%%ReconfinementDurationCode%%</ReconfinementDurationCode><ReconfinementDurationOtherIndicator>%%ReconfinementDurationOtherIndicator%%</ReconfinementDurationOtherIndicator>            </BenefitLimitCondition>            <BenefitLimitCondition><ConditionCode>%%ConditionCode1%%</ConditionCode><LimitDurationCount>%%LimitDurationCount1%%</LimitDurationCount><LimitIndicator>%%LimitIndicator1%%</LimitIndicator><BenefitBeginDateCode>%%BenefitBeginDateCode1%%</BenefitBeginDateCode><OccurrenceFrequencyTypeCode>%%OccurrenceFrequencyTypeCode1%%</OccurrenceFrequencyTypeCode><LimitDurationCode>%%LimitDurationCode1%%</LimitDurationCode>            </BenefitLimitCondition>            <BenefitLimitCondition><ConditionCode>%%ConditionCode2%%</ConditionCode><LimitDurationCount>%%LimitDurationCount2%%</LimitDurationCount><LimitIndicator>%%LimitIndicator2%%</LimitIndicator><BenefitBeginDateCode>%%BenefitBeginDateCode2%%</BenefitBeginDateCode><OccurrenceFrequencyTypeCode>%%OccurrenceFrequencyTypeCode2%%</OccurrenceFrequencyTypeCode><LimitDurationCode>%%LimitDurationCode2%%</LimitDurationCode>            </BenefitLimitCondition>            <BenefitLimitCondition><ConditionCode>%%ConditionCode3%%</ConditionCode><LimitDurationCount>%%LimitDurationCount3%%</LimitDurationCount><LimitIndicator>%%LimitIndicator3%%</LimitIndicator><BenefitBeginDateCode>%%BenefitBeginDateCode3%%</BenefitBeginDateCode><OccurrenceFrequencyTypeCode>%%OccurrenceFrequencyTypeCode3%%</OccurrenceFrequencyTypeCode><LimitDurationCode>%%LimitDurationCode3%%</LimitDurationCode><OccurrenceReconfinementDurationCount>%%OccurrenceReconfinementDurationCount1%%</OccurrenceReconfinementDurationCount><OccurrenceReconfinementDurationCode>%%OccurrenceReconfinementDurationCode1%%</OccurrenceReconfinementDurationCode><OccurrenceReconfinementDurationOtherIndicator>%%OccurrenceReconfinementDurationOtherIndicator1%%</OccurrenceReconfinementDurationOtherIndicator><ReconfinementDurationCount>%%ReconfinementDurationCount1%%</ReconfinementDurationCount><ReconfinementDurationCode>%%ReconfinementDurationCode1%%</ReconfinementDurationCode><DetailConditionCode>%%DetailConditionCode%%</DetailConditionCode>            </BenefitLimitCondition>            <BenefitLimitCondition><ConditionCode>%%ConditionCode4%%</ConditionCode><LimitDurationCount>%%LimitDurationCount4%%</LimitDurationCount><LimitIndicator>%%LimitIndicator4%%</LimitIndicator><BenefitBeginDateCode>%%BenefitBeginDateCode4%%</BenefitBeginDateCode><OccurrenceFrequencyTypeCode>%%OccurrenceFrequencyTypeCode4%%</OccurrenceFrequencyTypeCode><LimitDurationCode>%%LimitDurationCode4%%</LimitDurationCode>            </BenefitLimitCondition>            <BenefitLimitCondition><ConditionCode>%%ConditionCode5%%</ConditionCode><LimitIndicator>%%LimitIndicator5%%</LimitIndicator><OccurrenceFrequencyTypeCode>%%OccurrenceFrequencyTypeCode5%%</OccurrenceFrequencyTypeCode><LimitDurationCode>%%LimitDurationCode5%%</LimitDurationCode>            </BenefitLimitCondition><PortableMaximumDurationCount>%%PortableMaximumDurationCount%%</PortableMaximumDurationCount><PortableMaximumDurationCode>%%PortableMaximumDurationCode%%</PortableMaximumDurationCode><FICAMatchRate>%%FICAMatchRate%%</FICAMatchRate><MaximumBenefitDurationTypeCode>%%MaximumBenefitDurationTypeCode%%</MaximumBenefitDurationTypeCode><BenefitWaitingPeriodCount>%%BenefitWaitingPeriodCount%%</BenefitWaitingPeriodCount><BenefitWaitingPeriodCode>%%BenefitWaitingPeriodCode%%</BenefitWaitingPeriodCode>            <BreakoutType><BreakoutTypeCode>%%BreakoutTypeCode%%</BreakoutTypeCode>            </BreakoutType><PredisabilityEarningsDefinitionCode>%%PredisabilityEarningsDefinitionCode%%</PredisabilityEarningsDefinitionCode><PremiumDeductionReportingMethodCode>%%PremiumDeductionReportingMethodCode%%</PremiumDeductionReportingMethodCode><IndexScheduleTypeCode>%%IndexScheduleTypeCode%%</IndexScheduleTypeCode><IndexPercent>%%IndexPercent%%</IndexPercent><BonusAverageFrequencyCode>%%BonusAverageFrequencyCode%%</BonusAverageFrequencyCode><MaximumBenefitDurationCount>%%MaximumBenefitDurationCount%%</MaximumBenefitDurationCount><MaximumBenefitDurationCode>%%MaximumBenefitDurationCode%%</MaximumBenefitDurationCode>            <PlanService><ServiceCode>%%ServiceCode%%</ServiceCode><ServiceLimitCount>%%ServiceLimitCount%%</ServiceLimitCount><ServiceOptionID>%%ServiceOptionID%%</ServiceOptionID>            </PlanService><Pre-existingLimitDeferIndicator>%%Pre-existingLimitDeferIndicator%%</Pre-existingLimitDeferIndicator><ExtraTerritorialIndicator>%%ExtraTerritorialIndicator%%</ExtraTerritorialIndicator><OffsetDelayIndicator>%%OffsetDelayIndicator%%</OffsetDelayIndicator><RailroadFundCode>%%RailroadFundCode%%</RailroadFundCode><PensionSupplementProvisionIndicator>%%PensionSupplementProvisionIndicator%%</PensionSupplementProvisionIndicator><COLADurationTypeCode>%%COLADurationTypeCode%%</COLADurationTypeCode><DisabilityDefinitionOtherDescription>%%DisabilityDefinitionOtherDescription%%</DisabilityDefinitionOtherDescription><NonStandardPredisabilityEarningsDescription>%%NonStandardPredisabilityEarningsDescription%%</NonStandardPredisabilityEarningsDescription><EstimateOffsetOtherText>%%EstimateOffsetOtherText%%</EstimateOffsetOtherText><DelayOffsetOtherText>%%DelayOffsetOtherText%%</DelayOffsetOtherText><BenefitPremiumPayIndicator>%%BenefitPremiumPayIndicator%%</BenefitPremiumPayIndicator><LegalPremiumGracePeriodinDays>%%LegalPremiumGracePeriodinDays%%</LegalPremiumGracePeriodinDays><PremiumDragPeriodinDays>%%PremiumDragPeriodinDays%%</PremiumDragPeriodinDays>            <IntentNotice><RighttoCancelMinimumThresholdPercentage>%%RighttoCancelMinimumThresholdPercentage%%</RighttoCancelMinimumThresholdPercentage><RighttoCancelMinimumInsuredCount>%%RighttoCancelMinimumInsuredCount%%</RighttoCancelMinimumInsuredCount><RighttoCancelMinimumThresholdCode>%%RighttoCancelMinimumThresholdCode%%</RighttoCancelMinimumThresholdCode><RighttoCancelMinimumInsuredOtherIndicator>%%RighttoCancelMinimumInsuredOtherIndicator%%</RighttoCancelMinimumInsuredOtherIndicator><RighttoCancelMinimumPercentOtherIndicator>%%RighttoCancelMinimumPercentOtherIndicator%%</RighttoCancelMinimumPercentOtherIndicator>            </IntentNotice><CombineConditionLimitIndicator>%%CombineConditionLimitIndicator%%</CombineConditionLimitIndicator><DisabilityChangeDateCode>%%DisabilityChangeDateCode%%</DisabilityChangeDateCode><CoverageContinuationBenefitAmount>%%CoverageContinuationBenefitAmount%%</CoverageContinuationBenefitAmount><PreexistingConditionProngCode>%%PreexistingConditionProngCode%%</PreexistingConditionProngCode>         </Plan>      </Agreement>   </Customer></Organization>